timestamp,host,json
2025-01-02T08:01:00.001Z,ecom-api-1,"{""userId"":""usr_001"",""createdAt"":""2025-01-02T08:01:00.001Z"",""status"":""active"",""profile"":{""name"":{""given"":""Liam"",""family"":""Nair"",""display"":""Liam Nair""},""email"":{""primary"":""liam.nair1@example.com"",""verified"":true},""phone"":null,""address"":{""line1"":""101 Oak St"",""city"":""Austin"",""state"":""TX"",""zip"":""78701"",""country"":""US""}},""loyalty"":{""tier"":""bronze"",""points"":37},""prefs"":{""locale"":""en-US"",""marketingOptIn"":true,""notifications"":{""email"":true,""sms"":false,""push"":false}}}"
2025-01-03T08:02:00.002Z,ecom-api-2,"{""userId"":""usr_002"",""createdAt"":""2025-01-03T08:02:00.002Z"",""status"":""active"",""profile"":{""name"":{""given"":""Iris"",""family"":""Nguyen"",""display"":""Iris Nguyen""},""email"":{""primary"":""iris.nguyen2@example.com"",""verified"":true},""phone"":null,""address"":{""line1"":""102 Market St"",""city"":""Boston"",""state"":""MA"",""zip"":""02108"",""country"":""US""}},""loyalty"":{""tier"":""silver"",""points"":74},""prefs"":{""locale"":""en-US"",""marketingOptIn"":true,""notifications"":{""email"":true,""sms"":false,""push"":true}}}"
2025-01-04T08:03:00.003Z,ecom-worker-1,"{""userId"":""usr_003"",""createdAt"":""2025-01-04T08:03:00.003Z"",""status"":""active"",""profile"":{""name"":{""given"":""Kai"",""family"":""Murphy"",""display"":""Kai Murphy""},""email"":{""primary"":""kai.murphy3@example.com"",""verified"":true},""phone"":null,""address"":{""line1"":""103 Lake St"",""city"":""Denver"",""state"":""CO"",""zip"":""80202"",""country"":""US""}},""loyalty"":{""tier"":""gold"",""points"":111},""prefs"":{""locale"":""en-US"",""marketingOptIn"":false,""notifications"":{""email"":true,""sms"":false,""push"":false}}}"
2025-01-05T08:04:00.004Z,ecom-cs-1,"{""userId"":""usr_004"",""createdAt"":""2025-01-05T08:04:00.004Z"",""status"":""active"",""profile"":{""name"":{""given"":""Elena"",""family"":""Chen"",""display"":""Elena Chen""},""email"":{""primary"":""elena.chen4@example.com"",""verified"":true},""phone"":{""countryCode"":""1"",""number"":""2065551004""},""address"":{""line1"":""104 Pine St"",""city"":""Atlanta"",""state"":""GA"",""zip"":""30303"",""country"":""US""}},""loyalty"":{""tier"":""none"",""points"":148},""prefs"":{""locale"":""en-US"",""marketingOptIn"":true,""notifications"":{""email"":true,""sms"":false,""push"":true}}}"
2025-01-06T08:05:00.005Z,ecom-api-1,"{""userId"":""usr_005"",""createdAt"":""2025-01-06T08:05:00.005Z"",""status"":""active"",""profile"":{""name"":{""given"":""Sam"",""family"":""Nair"",""display"":""Sam Nair""},""email"":{""primary"":""sam.nair5@example.com"",""verified"":true},""phone"":null,""address"":{""line1"":""105 Oak St"",""city"":""Chicago"",""state"":""IL"",""zip"":""60601"",""country"":""US""}},""loyalty"":{""tier"":""bronze"",""points"":185},""prefs"":{""locale"":""en-US"",""marketingOptIn"":true,""notifications"":{""email"":true,""sms"":true,""push"":false}}}"
2025-01-07T08:06:00.006Z,ecom-api-2,"{""userId"":""usr_006"",""createdAt"":""2025-01-07T08:06:00.006Z"",""status"":""active"",""profile"":{""name"":{""given"":""Riley"",""family"":""Nguyen"",""display"":""Riley Nguyen""},""email"":{""primary"":""riley.nguyen6@example.com"",""verified"":true},""phone"":null,""address"":{""line1"":""106 Market St"",""city"":""Portland"",""state"":""OR"",""zip"":""97201"",""country"":""US""}},""loyalty"":{""tier"":""silver"",""points"":222},""prefs"":{""locale"":""en-US"",""marketingOptIn"":false,""notifications"":{""email"":true,""sms"":false,""push"":true}}}"
2025-01-08T08:07:00.007Z,ecom-worker-1,"{""userId"":""usr_007"",""createdAt"":""2025-01-08T08:07:00.007Z"",""status"":""active"",""profile"":{""name"":{""given"":""Noah"",""family"":""Murphy"",""display"":""Noah Murphy""},""email"":{""primary"":""noah.murphy7@example.com"",""verified"":true},""phone"":null,""address"":{""line1"":""107 Lake St"",""city"":""Miami"",""state"":""FL"",""zip"":""33101"",""country"":""US""}},""loyalty"":{""tier"":""gold"",""points"":259},""prefs"":{""locale"":""en-US"",""marketingOptIn"":true,""notifications"":{""email"":true,""sms"":false,""push"":false}}}"
2025-01-09T08:08:00.008Z,ecom-cs-1,"{""userId"":""usr_008"",""createdAt"":""2025-01-09T08:08:00.008Z"",""status"":""active"",""profile"":{""name"":{""given"":""Zoe"",""family"":""Chen"",""display"":""Zoe Chen""},""email"":{""primary"":""zoe.chen8@example.com"",""verified"":true},""phone"":{""countryCode"":""1"",""number"":""2065551008""},""address"":{""line1"":""108 Pine St"",""city"":""Seattle"",""state"":""WA"",""zip"":""98101"",""country"":""US""}},""loyalty"":{""tier"":""none"",""points"":296},""prefs"":{""locale"":""en-US"",""marketingOptIn"":true,""notifications"":{""email"":true,""sms"":false,""push"":true}}}"
2025-01-10T08:09:00.009Z,ecom-api-1,"{""userId"":""usr_009"",""createdAt"":""2025-01-10T08:09:00.009Z"",""status"":""active"",""profile"":{""name"":{""given"":""Owen"",""family"":""Nair"",""display"":""Owen Nair""},""email"":{""primary"":""owen.nair9@example.com"",""verified"":false},""phone"":null,""address"":{""line1"":""109 Oak St"",""city"":""Austin"",""state"":""TX"",""zip"":""78701"",""country"":""US""}},""loyalty"":{""tier"":""bronze"",""points"":333},""prefs"":{""locale"":""en-US"",""marketingOptIn"":false,""notifications"":{""email"":true,""sms"":false,""push"":false}}}"
2025-01-11T08:10:00.010Z,ecom-api-2,"{""userId"":""usr_010"",""createdAt"":""2025-01-11T08:10:00.010Z"",""status"":""active"",""profile"":{""name"":{""given"":""Nina"",""family"":""Nguyen"",""display"":""Nina Nguyen""},""email"":{""primary"":""nina.nguyen10@example.com"",""verified"":true},""phone"":null,""address"":{""line1"":""110 Market St"",""city"":""Boston"",""state"":""MA"",""zip"":""02108"",""country"":""US""}},""loyalty"":{""tier"":""silver"",""points"":370},""prefs"":{""locale"":""en-US"",""marketingOptIn"":true,""notifications"":{""email"":true,""sms"":true,""push"":true}}}"
2025-01-12T08:11:00.011Z,ecom-worker-1,"{""userId"":""usr_011"",""createdAt"":""2025-01-12T08:11:00.011Z"",""status"":""active"",""profile"":{""name"":{""given"":""Miles"",""family"":""Murphy"",""display"":""Miles Murphy""},""email"":{""primary"":""miles.murphy11@example.com"",""verified"":true},""phone"":null,""address"":{""line1"":""111 Lake St"",""city"":""Denver"",""state"":""CO"",""zip"":""80202"",""country"":""US""}},""loyalty"":{""tier"":""gold"",""points"":407},""prefs"":{""locale"":""en-US"",""marketingOptIn"":true,""notifications"":{""email"":true,""sms"":false,""push"":false}},""account"":{""risk"":{""score"":43,""flags"":[],""review"":{""required"":false,""note"":null}},""auth"":{""subject"":""auth0|usr_011"",""mfa"":{""enabled"":false,""methods"":[]}}}}"
2025-01-13T08:12:00.012Z,ecom-cs-1,"{""userId"":""usr_012"",""createdAt"":""2025-01-13T08:12:00.012Z"",""status"":""active"",""profile"":{""name"":{""given"":""Jordan"",""family"":""Chen"",""display"":""Jordan Chen""},""email"":{""primary"":""jordan.chen12@example.com"",""verified"":true},""phone"":{""countryCode"":""1"",""number"":""2065551012""},""address"":{""line1"":""112 Pine St"",""city"":""Atlanta"",""state"":""GA"",""zip"":""30303"",""country"":""US""}},""loyalty"":{""tier"":""none"",""points"":444},""prefs"":{""locale"":""en-US"",""marketingOptIn"":false,""notifications"":{""email"":true,""sms"":false,""push"":true}}}"
2025-01-14T08:13:00.013Z,ecom-api-1,"{""userId"":""usr_013"",""createdAt"":""2025-01-14T08:13:00.013Z"",""status"":""active"",""profile"":{""name"":{""given"":""Quinn"",""family"":""Nair"",""display"":""Quinn Nair""},""email"":{""primary"":""quinn.nair13@example.com"",""verified"":true},""phone"":null,""address"":{""line1"":""113 Oak St"",""city"":""Chicago"",""state"":""IL"",""zip"":""60601"",""country"":""US""}},""loyalty"":{""tier"":""bronze"",""points"":481},""prefs"":{""locale"":""en-US"",""marketingOptIn"":true,""notifications"":{""email"":true,""sms"":false,""push"":false}}}"
2025-01-15T08:14:00.014Z,ecom-api-2,"{""userId"":""usr_014"",""createdAt"":""2025-01-15T08:14:00.014Z"",""status"":""active"",""profile"":{""name"":{""given"":""Mia"",""family"":""Nguyen"",""display"":""Mia Nguyen""},""email"":{""primary"":""mia.nguyen14@example.com"",""verified"":true},""phone"":null,""address"":{""line1"":""114 Market St"",""city"":""Portland"",""state"":""OR"",""zip"":""97201"",""country"":""US""}},""loyalty"":{""tier"":""silver"",""points"":518},""prefs"":{""locale"":""en-US"",""marketingOptIn"":true,""notifications"":{""email"":true,""sms"":false,""push"":true}}}"
2025-01-16T08:15:00.015Z,ecom-worker-1,"{""userId"":""usr_015"",""createdAt"":""2025-01-16T08:15:00.015Z"",""status"":""active"",""profile"":{""name"":{""given"":""Ethan"",""family"":""Murphy"",""display"":""Ethan Murphy""},""email"":{""primary"":""ethan.murphy15@example.com"",""verified"":true},""phone"":null,""address"":{""line1"":""115 Lake St"",""city"":""Miami"",""state"":""FL"",""zip"":""33101"",""country"":""US""}},""loyalty"":{""tier"":""gold"",""points"":555},""prefs"":{""locale"":""en-US"",""marketingOptIn"":false,""notifications"":{""email"":true,""sms"":true,""push"":false}}}"
2025-01-17T08:16:00.016Z,ecom-cs-1,"{""userId"":""usr_016"",""createdAt"":""2025-01-17T08:16:00.016Z"",""status"":""active"",""profile"":{""name"":{""given"":""Chloe"",""family"":""Chen"",""display"":""Chloe Chen""},""email"":{""primary"":""chloe.chen16@example.com"",""verified"":true},""phone"":{""countryCode"":""1"",""number"":""2065551016""},""address"":{""line1"":""116 Pine St"",""city"":""Seattle"",""state"":""WA"",""zip"":""98101"",""country"":""US""}},""loyalty"":{""tier"":""none"",""points"":592},""prefs"":{""locale"":""en-US"",""marketingOptIn"":true,""notifications"":{""email"":true,""sms"":false,""push"":true}}}"
2025-01-18T08:17:00.017Z,ecom-api-1,"{""userId"":""usr_017"",""createdAt"":""2025-01-18T08:17:00.017Z"",""status"":""suspended"",""profile"":{""name"":{""given"":""Jude"",""family"":""Nair"",""display"":""Jude Nair""},""email"":{""primary"":""jude.nair17@example.com"",""verified"":true},""phone"":null,""address"":{""line1"":""117 Oak St"",""city"":""Austin"",""state"":""TX"",""zip"":""78701"",""country"":""US""}},""loyalty"":{""tier"":""bronze"",""points"":629},""prefs"":{""locale"":""en-US"",""marketingOptIn"":true,""notifications"":{""email"":true,""sms"":false,""push"":false}}}"
2025-01-19T08:18:00.018Z,ecom-api-2,"{""userId"":""usr_018"",""createdAt"":""2025-01-19T08:18:00.018Z"",""status"":""active"",""profile"":{""name"":{""given"":""Priya"",""family"":""Nguyen"",""display"":""Priya Nguyen""},""email"":{""primary"":""priya.nguyen18@example.com"",""verified"":false},""phone"":null,""address"":{""line1"":""118 Market St"",""city"":""Boston"",""state"":""MA"",""zip"":""02108"",""country"":""US""}},""loyalty"":{""tier"":""silver"",""points"":666},""prefs"":{""locale"":""en-US"",""marketingOptIn"":false,""notifications"":{""email"":true,""sms"":false,""push"":true}}}"
2025-01-20T08:19:00.019Z,ecom-worker-1,"{""userId"":""usr_019"",""createdAt"":""2025-01-20T08:19:00.019Z"",""status"":""active"",""profile"":{""name"":{""given"":""Casey"",""family"":""Murphy"",""display"":""Casey Murphy""},""email"":{""primary"":""casey.murphy19@example.com"",""verified"":true},""phone"":null,""address"":{""line1"":""119 Lake St"",""city"":""Denver"",""state"":""CO"",""zip"":""80202"",""country"":""US""}},""loyalty"":{""tier"":""gold"",""points"":703},""prefs"":{""locale"":""en-US"",""marketingOptIn"":true,""notifications"":{""email"":true,""sms"":false,""push"":false}}}"
2025-01-21T08:20:00.020Z,ecom-cs-1,"{""userId"":""usr_020"",""createdAt"":""2025-01-21T08:20:00.020Z"",""status"":""active"",""profile"":{""name"":{""given"":""Ava"",""family"":""Chen"",""display"":""Ava Chen""},""email"":{""primary"":""ava.chen20@example.com"",""verified"":true},""phone"":{""countryCode"":""1"",""number"":""2065551020""},""address"":{""line1"":""120 Pine St"",""city"":""Atlanta"",""state"":""GA"",""zip"":""30303"",""country"":""US""}},""loyalty"":{""tier"":""none"",""points"":740},""prefs"":{""locale"":""en-US"",""marketingOptIn"":true,""notifications"":{""email"":true,""sms"":true,""push"":true}}}"
2025-01-22T08:21:00.021Z,ecom-api-1,"{""userId"":""usr_021"",""createdAt"":""2025-01-22T08:21:00.021Z"",""status"":""active"",""profile"":{""name"":{""given"":""Liam"",""family"":""Nair"",""display"":""Liam Nair""},""email"":{""primary"":""liam.nair21@example.com"",""verified"":true},""phone"":null,""address"":{""line1"":""121 Oak St"",""city"":""Chicago"",""state"":""IL"",""zip"":""60601"",""country"":""US""}},""loyalty"":{""tier"":""bronze"",""points"":777},""prefs"":{""locale"":""en-US"",""marketingOptIn"":false,""notifications"":{""email"":true,""sms"":false,""push"":false}}}"
2025-01-23T08:22:00.022Z,ecom-api-2,"{""userId"":""usr_022"",""createdAt"":""2025-01-23T08:22:00.022Z"",""status"":""active"",""profile"":{""name"":{""given"":""Iris"",""family"":""Nguyen"",""display"":""Iris Nguyen""},""email"":{""primary"":""iris.nguyen22@example.com"",""verified"":true},""phone"":null,""address"":{""line1"":""122 Market St"",""city"":""Portland"",""state"":""OR"",""zip"":""97201"",""country"":""US""}},""loyalty"":{""tier"":""silver"",""points"":814},""prefs"":{""locale"":""en-US"",""marketingOptIn"":true,""notifications"":{""email"":true,""sms"":false,""push"":true}},""account"":{""risk"":{""score"":86,""flags"":[""velocity""],""review"":{""required"":true,""note"":""manual_check""}},""auth"":{""subject"":""auth0|usr_022"",""mfa"":{""enabled"":true,""methods"":[""totp""]}}}}"
2025-01-24T08:23:00.023Z,ecom-worker-1,"{""userId"":""usr_023"",""createdAt"":""2025-01-24T08:23:00.023Z"",""status"":""active"",""profile"":{""name"":{""given"":""Kai"",""family"":""Murphy"",""display"":""Kai Murphy""},""email"":{""primary"":""kai.murphy23@example.com"",""verified"":true},""phone"":null,""address"":{""line1"":""123 Lake St"",""city"":""Miami"",""state"":""FL"",""zip"":""33101"",""country"":""US""}},""loyalty"":{""tier"":""gold"",""points"":851},""prefs"":{""locale"":""en-US"",""marketingOptIn"":true,""notifications"":{""email"":true,""sms"":false,""push"":false}}}"
2025-01-25T08:24:00.024Z,ecom-cs-1,"{""userId"":""usr_024"",""createdAt"":""2025-01-25T08:24:00.024Z"",""status"":""active"",""profile"":{""name"":{""given"":""Elena"",""family"":""Chen"",""display"":""Elena Chen""},""email"":{""primary"":""elena.chen24@example.com"",""verified"":true},""phone"":{""countryCode"":""1"",""number"":""2065551024""},""address"":{""line1"":""124 Pine St"",""city"":""Seattle"",""state"":""WA"",""zip"":""98101"",""country"":""US""}},""loyalty"":{""tier"":""none"",""points"":888},""prefs"":{""locale"":""en-US"",""marketingOptIn"":false,""notifications"":{""email"":true,""sms"":false,""push"":true}}}"
2025-01-26T08:25:00.025Z,ecom-api-1,"{""userId"":""usr_025"",""createdAt"":""2025-01-26T08:25:00.025Z"",""status"":""active"",""profile"":{""name"":{""given"":""Sam"",""family"":""Nair"",""display"":""Sam Nair""},""email"":{""primary"":""sam.nair25@example.com"",""verified"":true},""phone"":null,""address"":{""line1"":""125 Oak St"",""city"":""Austin"",""state"":""TX"",""zip"":""78701"",""country"":""US""}},""loyalty"":{""tier"":""bronze"",""points"":925},""prefs"":{""locale"":""en-US"",""marketingOptIn"":true,""notifications"":{""email"":true,""sms"":true,""push"":false}}}"
2025-01-27T08:26:00.026Z,ecom-api-2,"{""userId"":""usr_026"",""createdAt"":""2025-01-27T08:26:00.026Z"",""status"":""active"",""profile"":{""name"":{""given"":""Riley"",""family"":""Nguyen"",""display"":""Riley Nguyen""},""email"":{""primary"":""riley.nguyen26@example.com"",""verified"":true},""phone"":null,""address"":{""line1"":""126 Market St"",""city"":""Boston"",""state"":""MA"",""zip"":""02108"",""country"":""US""}},""loyalty"":{""tier"":""silver"",""points"":962},""prefs"":{""locale"":""en-US"",""marketingOptIn"":true,""notifications"":{""email"":true,""sms"":false,""push"":true}}}"
2025-01-28T08:27:00.027Z,ecom-worker-1,"{""userId"":""usr_027"",""createdAt"":""2025-01-28T08:27:00.027Z"",""status"":""active"",""profile"":{""name"":{""given"":""Noah"",""family"":""Murphy"",""display"":""Noah Murphy""},""email"":{""primary"":""noah.murphy27@example.com"",""verified"":false},""phone"":null,""address"":{""line1"":""127 Lake St"",""city"":""Denver"",""state"":""CO"",""zip"":""80202"",""country"":""US""}},""loyalty"":{""tier"":""gold"",""points"":999},""prefs"":{""locale"":""en-US"",""marketingOptIn"":false,""notifications"":{""email"":true,""sms"":false,""push"":false}}}"
2025-01-29T08:28:00.028Z,ecom-cs-1,"{""userId"":""usr_028"",""createdAt"":""2025-01-29T08:28:00.028Z"",""status"":""active"",""profile"":{""name"":{""given"":""Zoe"",""family"":""Chen"",""display"":""Zoe Chen""},""email"":{""primary"":""zoe.chen28@example.com"",""verified"":true},""phone"":{""countryCode"":""1"",""number"":""2065551028""},""address"":{""line1"":""128 Pine St"",""city"":""Atlanta"",""state"":""GA"",""zip"":""30303"",""country"":""US""}},""loyalty"":{""tier"":""none"",""points"":1036},""prefs"":{""locale"":""en-US"",""marketingOptIn"":true,""notifications"":{""email"":true,""sms"":false,""push"":true}}}"
2025-01-30T08:29:00.029Z,ecom-api-1,"{""userId"":""usr_029"",""createdAt"":""2025-01-30T08:29:00.029Z"",""status"":""active"",""profile"":{""name"":{""given"":""Owen"",""family"":""Nair"",""display"":""Owen Nair""},""email"":{""primary"":""owen.nair29@example.com"",""verified"":true},""phone"":null,""address"":{""line1"":""129 Oak St"",""city"":""Chicago"",""state"":""IL"",""zip"":""60601"",""country"":""US""}},""loyalty"":{""tier"":""bronze"",""points"":1073},""prefs"":{""locale"":""en-US"",""marketingOptIn"":true,""notifications"":{""email"":true,""sms"":false,""push"":false}}}"
2025-01-31T08:30:00.030Z,ecom-api-2,"{""userId"":""usr_030"",""createdAt"":""2025-01-31T08:30:00.030Z"",""status"":""active"",""profile"":{""name"":{""given"":""Nina"",""family"":""Nguyen"",""display"":""Nina Nguyen""},""email"":{""primary"":""nina.nguyen30@example.com"",""verified"":true},""phone"":null,""address"":{""line1"":""130 Market St"",""city"":""Portland"",""state"":""OR"",""zip"":""97201"",""country"":""US""}},""loyalty"":{""tier"":""silver"",""points"":1110},""prefs"":{""locale"":""en-US"",""marketingOptIn"":false,""notifications"":{""email"":true,""sms"":true,""push"":true}}}"
2025-02-01T08:31:00.031Z,ecom-worker-1,"{""userId"":""usr_031"",""createdAt"":""2025-02-01T08:31:00.031Z"",""status"":""active"",""profile"":{""name"":{""given"":""Miles"",""family"":""Murphy"",""display"":""Miles Murphy""},""email"":{""primary"":""miles.murphy31@example.com"",""verified"":true},""phone"":null,""address"":{""line1"":""131 Lake St"",""city"":""Miami"",""state"":""FL"",""zip"":""33101"",""country"":""US""}},""loyalty"":{""tier"":""gold"",""points"":1147},""prefs"":{""locale"":""en-US"",""marketingOptIn"":true,""notifications"":{""email"":true,""sms"":false,""push"":false}}}"
2025-02-02T08:32:00.032Z,ecom-cs-1,"{""userId"":""usr_032"",""createdAt"":""2025-02-02T08:32:00.032Z"",""status"":""active"",""profile"":{""name"":{""given"":""Jordan"",""family"":""Chen"",""display"":""Jordan Chen""},""email"":{""primary"":""jordan.chen32@example.com"",""verified"":true},""phone"":{""countryCode"":""1"",""number"":""2065551032""},""address"":{""line1"":""132 Pine St"",""city"":""Seattle"",""state"":""WA"",""zip"":""98101"",""country"":""US""}},""loyalty"":{""tier"":""none"",""points"":1184},""prefs"":{""locale"":""en-US"",""marketingOptIn"":true,""notifications"":{""email"":true,""sms"":false,""push"":true}}}"
2025-02-03T08:33:00.033Z,ecom-api-1,"{""userId"":""usr_033"",""createdAt"":""2025-02-03T08:33:00.033Z"",""status"":""active"",""profile"":{""name"":{""given"":""Quinn"",""family"":""Nair"",""display"":""Quinn Nair""},""email"":{""primary"":""quinn.nair33@example.com"",""verified"":true},""phone"":null,""address"":{""line1"":""133 Oak St"",""city"":""Austin"",""state"":""TX"",""zip"":""78701"",""country"":""US""}},""loyalty"":{""tier"":""bronze"",""points"":1221},""prefs"":{""locale"":""en-US"",""marketingOptIn"":false,""notifications"":{""email"":true,""sms"":false,""push"":false}},""account"":{""risk"":{""score"":29,""flags"":[],""review"":{""required"":false,""note"":null}},""auth"":{""subject"":""auth0|usr_033"",""mfa"":{""enabled"":false,""methods"":[]}}}}"
2025-02-04T08:34:00.034Z,ecom-api-2,"{""userId"":""usr_034"",""createdAt"":""2025-02-04T08:34:00.034Z"",""status"":""suspended"",""profile"":{""name"":{""given"":""Mia"",""family"":""Nguyen"",""display"":""Mia Nguyen""},""email"":{""primary"":""mia.nguyen34@example.com"",""verified"":true},""phone"":null,""address"":{""line1"":""134 Market St"",""city"":""Boston"",""state"":""MA"",""zip"":""02108"",""country"":""US""}},""loyalty"":{""tier"":""silver"",""points"":1258},""prefs"":{""locale"":""en-US"",""marketingOptIn"":true,""notifications"":{""email"":true,""sms"":false,""push"":true}}}"
2025-02-05T08:35:00.035Z,ecom-worker-1,"{""userId"":""usr_035"",""createdAt"":""2025-02-05T08:35:00.035Z"",""status"":""active"",""profile"":{""name"":{""given"":""Ethan"",""family"":""Murphy"",""display"":""Ethan Murphy""},""email"":{""primary"":""ethan.murphy35@example.com"",""verified"":true},""phone"":null,""address"":{""line1"":""135 Lake St"",""city"":""Denver"",""state"":""CO"",""zip"":""80202"",""country"":""US""}},""loyalty"":{""tier"":""gold"",""points"":1295},""prefs"":{""locale"":""en-US"",""marketingOptIn"":true,""notifications"":{""email"":true,""sms"":true,""push"":false}}}"
2025-02-06T08:36:00.036Z,ecom-cs-1,"{""userId"":""usr_036"",""createdAt"":""2025-02-06T08:36:00.036Z"",""status"":""active"",""profile"":{""name"":{""given"":""Chloe"",""family"":""Chen"",""display"":""Chloe Chen""},""email"":{""primary"":""chloe.chen36@example.com"",""verified"":false},""phone"":{""countryCode"":""1"",""number"":""2065551036""},""address"":{""line1"":""136 Pine St"",""city"":""Atlanta"",""state"":""GA"",""zip"":""30303"",""country"":""US""}},""loyalty"":{""tier"":""none"",""points"":1332},""prefs"":{""locale"":""en-US"",""marketingOptIn"":false,""notifications"":{""email"":true,""sms"":false,""push"":true}}}"
2025-02-07T08:37:00.037Z,ecom-api-1,"{""userId"":""usr_037"",""createdAt"":""2025-02-07T08:37:00.037Z"",""status"":""active"",""profile"":{""name"":{""given"":""Jude"",""family"":""Nair"",""display"":""Jude Nair""},""email"":{""primary"":""jude.nair37@example.com"",""verified"":true},""phone"":null,""address"":{""line1"":""137 Oak St"",""city"":""Chicago"",""state"":""IL"",""zip"":""60601"",""country"":""US""}},""loyalty"":{""tier"":""bronze"",""points"":1369},""prefs"":{""locale"":""en-US"",""marketingOptIn"":true,""notifications"":{""email"":true,""sms"":false,""push"":false}}}"
2025-02-08T08:38:00.038Z,ecom-api-2,"{""userId"":""usr_038"",""createdAt"":""2025-02-08T08:38:00.038Z"",""status"":""active"",""profile"":{""name"":{""given"":""Priya"",""family"":""Nguyen"",""display"":""Priya Nguyen""},""email"":{""primary"":""priya.nguyen38@example.com"",""verified"":true},""phone"":null,""address"":{""line1"":""138 Market St"",""city"":""Portland"",""state"":""OR"",""zip"":""97201"",""country"":""US""}},""loyalty"":{""tier"":""silver"",""points"":1406},""prefs"":{""locale"":""en-US"",""marketingOptIn"":true,""notifications"":{""email"":true,""sms"":false,""push"":true}}}"
2025-02-09T08:39:00.039Z,ecom-worker-1,"{""userId"":""usr_039"",""createdAt"":""2025-02-09T08:39:00.039Z"",""status"":""active"",""profile"":{""name"":{""given"":""Casey"",""family"":""Murphy"",""display"":""Casey Murphy""},""email"":{""primary"":""casey.murphy39@example.com"",""verified"":true},""phone"":null,""address"":{""line1"":""139 Lake St"",""city"":""Miami"",""state"":""FL"",""zip"":""33101"",""country"":""US""}},""loyalty"":{""tier"":""gold"",""points"":1443},""prefs"":{""locale"":""en-US"",""marketingOptIn"":false,""notifications"":{""email"":true,""sms"":false,""push"":false}}}"
2025-01-01T08:40:00.040Z,ecom-cs-1,"{""userId"":""usr_040"",""createdAt"":""2025-01-01T08:40:00.040Z"",""status"":""active"",""profile"":{""name"":{""given"":""Ava"",""family"":""Chen"",""display"":""Ava Chen""},""email"":{""primary"":""ava.chen40@example.com"",""verified"":true},""phone"":{""countryCode"":""1"",""number"":""2065551040""},""address"":{""line1"":""140 Pine St"",""city"":""Seattle"",""state"":""WA"",""zip"":""98101"",""country"":""US""}},""loyalty"":{""tier"":""none"",""points"":1480},""prefs"":{""locale"":""en-US"",""marketingOptIn"":true,""notifications"":{""email"":true,""sms"":true,""push"":true}}}"
2025-01-02T08:41:00.041Z,ecom-api-1,"{""userId"":""usr_041"",""createdAt"":""2025-01-02T08:41:00.041Z"",""status"":""active"",""profile"":{""name"":{""given"":""Liam"",""family"":""Nair"",""display"":""Liam Nair""},""email"":{""primary"":""liam.nair41@example.com"",""verified"":true},""phone"":null,""address"":{""line1"":""141 Oak St"",""city"":""Austin"",""state"":""TX"",""zip"":""78701"",""country"":""US""}},""loyalty"":{""tier"":""bronze"",""points"":1517},""prefs"":{""locale"":""en-US"",""marketingOptIn"":true,""notifications"":{""email"":true,""sms"":false,""push"":false}}}"
2025-01-03T08:42:00.042Z,ecom-api-2,"{""userId"":""usr_042"",""createdAt"":""2025-01-03T08:42:00.042Z"",""status"":""active"",""profile"":{""name"":{""given"":""Iris"",""family"":""Nguyen"",""display"":""Iris Nguyen""},""email"":{""primary"":""iris.nguyen42@example.com"",""verified"":true},""phone"":null,""address"":{""line1"":""142 Market St"",""city"":""Boston"",""state"":""MA"",""zip"":""02108"",""country"":""US""}},""loyalty"":{""tier"":""silver"",""points"":1554},""prefs"":{""locale"":""en-US"",""marketingOptIn"":false,""notifications"":{""email"":true,""sms"":false,""push"":true}}}"
2025-01-04T08:43:00.043Z,ecom-worker-1,"{""userId"":""usr_043"",""createdAt"":""2025-01-04T08:43:00.043Z"",""status"":""active"",""profile"":{""name"":{""given"":""Kai"",""family"":""Murphy"",""display"":""Kai Murphy""},""email"":{""primary"":""kai.murphy43@example.com"",""verified"":true},""phone"":null,""address"":{""line1"":""143 Lake St"",""city"":""Denver"",""state"":""CO"",""zip"":""80202"",""country"":""US""}},""loyalty"":{""tier"":""gold"",""points"":1591},""prefs"":{""locale"":""en-US"",""marketingOptIn"":true,""notifications"":{""email"":true,""sms"":false,""push"":false}}}"
2025-01-05T08:44:00.044Z,ecom-cs-1,"{""userId"":""usr_044"",""createdAt"":""2025-01-05T08:44:00.044Z"",""status"":""active"",""profile"":{""name"":{""given"":""Elena"",""family"":""Chen"",""display"":""Elena Chen""},""email"":{""primary"":""elena.chen44@example.com"",""verified"":true},""phone"":{""countryCode"":""1"",""number"":""2065551044""},""address"":{""line1"":""144 Pine St"",""city"":""Atlanta"",""state"":""GA"",""zip"":""30303"",""country"":""US""}},""loyalty"":{""tier"":""none"",""points"":1628},""prefs"":{""locale"":""en-US"",""marketingOptIn"":true,""notifications"":{""email"":true,""sms"":false,""push"":true}},""account"":{""risk"":{""score"":72,""flags"":[""velocity""],""review"":{""required"":true,""note"":""manual_check""}},""auth"":{""subject"":""auth0|usr_044"",""mfa"":{""enabled"":true,""methods"":[""totp""]}}}}"
2025-01-06T08:45:00.045Z,ecom-api-1,"{""userId"":""usr_045"",""createdAt"":""2025-01-06T08:45:00.045Z"",""status"":""active"",""profile"":{""name"":{""given"":""Sam"",""family"":""Nair"",""display"":""Sam Nair""},""email"":{""primary"":""sam.nair45@example.com"",""verified"":false},""phone"":null,""address"":{""line1"":""145 Oak St"",""city"":""Chicago"",""state"":""IL"",""zip"":""60601"",""country"":""US""}},""loyalty"":{""tier"":""bronze"",""points"":1665},""prefs"":{""locale"":""en-US"",""marketingOptIn"":false,""notifications"":{""email"":true,""sms"":true,""push"":false}}}"
2025-01-07T08:46:00.046Z,ecom-api-2,"{""userId"":""usr_046"",""createdAt"":""2025-01-07T08:46:00.046Z"",""status"":""active"",""profile"":{""name"":{""given"":""Riley"",""family"":""Nguyen"",""display"":""Riley Nguyen""},""email"":{""primary"":""riley.nguyen46@example.com"",""verified"":true},""phone"":null,""address"":{""line1"":""146 Market St"",""city"":""Portland"",""state"":""OR"",""zip"":""97201"",""country"":""US""}},""loyalty"":{""tier"":""silver"",""points"":1702},""prefs"":{""locale"":""en-US"",""marketingOptIn"":true,""notifications"":{""email"":true,""sms"":false,""push"":true}}}"
2025-01-08T08:47:00.047Z,ecom-worker-1,"{""userId"":""usr_047"",""createdAt"":""2025-01-08T08:47:00.047Z"",""status"":""active"",""profile"":{""name"":{""given"":""Noah"",""family"":""Murphy"",""display"":""Noah Murphy""},""email"":{""primary"":""noah.murphy47@example.com"",""verified"":true},""phone"":null,""address"":{""line1"":""147 Lake St"",""city"":""Miami"",""state"":""FL"",""zip"":""33101"",""country"":""US""}},""loyalty"":{""tier"":""gold"",""points"":1739},""prefs"":{""locale"":""en-US"",""marketingOptIn"":true,""notifications"":{""email"":true,""sms"":false,""push"":false}}}"
2025-01-09T08:48:00.048Z,ecom-cs-1,"{""userId"":""usr_048"",""createdAt"":""2025-01-09T08:48:00.048Z"",""status"":""active"",""profile"":{""name"":{""given"":""Zoe"",""family"":""Chen"",""display"":""Zoe Chen""},""email"":{""primary"":""zoe.chen48@example.com"",""verified"":true},""phone"":{""countryCode"":""1"",""number"":""2065551048""},""address"":{""line1"":""148 Pine St"",""city"":""Seattle"",""state"":""WA"",""zip"":""98101"",""country"":""US""}},""loyalty"":{""tier"":""none"",""points"":1776},""prefs"":{""locale"":""en-US"",""marketingOptIn"":false,""notifications"":{""email"":true,""sms"":false,""push"":true}}}"
2025-01-10T08:49:00.049Z,ecom-api-1,"{""userId"":""usr_049"",""createdAt"":""2025-01-10T08:49:00.049Z"",""status"":""active"",""profile"":{""name"":{""given"":""Owen"",""family"":""Nair"",""display"":""Owen Nair""},""email"":{""primary"":""owen.nair49@example.com"",""verified"":true},""phone"":null,""address"":{""line1"":""149 Oak St"",""city"":""Austin"",""state"":""TX"",""zip"":""78701"",""country"":""US""}},""loyalty"":{""tier"":""bronze"",""points"":1813},""prefs"":{""locale"":""en-US"",""marketingOptIn"":true,""notifications"":{""email"":true,""sms"":false,""push"":false}}}"
2025-01-11T08:50:00.050Z,ecom-api-2,"{""userId"":""usr_050"",""createdAt"":""2025-01-11T08:50:00.050Z"",""status"":""active"",""profile"":{""name"":{""given"":""Nina"",""family"":""Nguyen"",""display"":""Nina Nguyen""},""email"":{""primary"":""nina.nguyen50@example.com"",""verified"":true},""phone"":null,""address"":{""line1"":""150 Market St"",""city"":""Boston"",""state"":""MA"",""zip"":""02108"",""country"":""US""}},""loyalty"":{""tier"":""silver"",""points"":1850},""prefs"":{""locale"":""en-US"",""marketingOptIn"":true,""notifications"":{""email"":true,""sms"":true,""push"":true}}}"
2025-01-12T08:51:00.051Z,ecom-worker-1,"{""userId"":""usr_051"",""createdAt"":""2025-01-12T08:51:00.051Z"",""status"":""suspended"",""profile"":{""name"":{""given"":""Miles"",""family"":""Murphy"",""display"":""Miles Murphy""},""email"":{""primary"":""miles.murphy51@example.com"",""verified"":true},""phone"":null,""address"":{""line1"":""151 Lake St"",""city"":""Denver"",""state"":""CO"",""zip"":""80202"",""country"":""US""}},""loyalty"":{""tier"":""gold"",""points"":1887},""prefs"":{""locale"":""en-US"",""marketingOptIn"":false,""notifications"":{""email"":true,""sms"":false,""push"":false}}}"
2025-01-13T08:52:00.052Z,ecom-cs-1,"{""userId"":""usr_052"",""createdAt"":""2025-01-13T08:52:00.052Z"",""status"":""active"",""profile"":{""name"":{""given"":""Jordan"",""family"":""Chen"",""display"":""Jordan Chen""},""email"":{""primary"":""jordan.chen52@example.com"",""verified"":true},""phone"":{""countryCode"":""1"",""number"":""2065551052""},""address"":{""line1"":""152 Pine St"",""city"":""Atlanta"",""state"":""GA"",""zip"":""30303"",""country"":""US""}},""loyalty"":{""tier"":""none"",""points"":1924},""prefs"":{""locale"":""en-US"",""marketingOptIn"":true,""notifications"":{""email"":true,""sms"":false,""push"":true}}}"
2025-01-14T08:53:00.053Z,ecom-api-1,"{""userId"":""usr_053"",""createdAt"":""2025-01-14T08:53:00.053Z"",""status"":""active"",""profile"":{""name"":{""given"":""Quinn"",""family"":""Nair"",""display"":""Quinn Nair""},""email"":{""primary"":""quinn.nair53@example.com"",""verified"":true},""phone"":null,""address"":{""line1"":""153 Oak St"",""city"":""Chicago"",""state"":""IL"",""zip"":""60601"",""country"":""US""}},""loyalty"":{""tier"":""bronze"",""points"":1961},""prefs"":{""locale"":""en-US"",""marketingOptIn"":true,""notifications"":{""email"":true,""sms"":false,""push"":false}}}"
2025-01-15T08:54:00.054Z,ecom-api-2,"{""userId"":""usr_054"",""createdAt"":""2025-01-15T08:54:00.054Z"",""status"":""active"",""profile"":{""name"":{""given"":""Mia"",""family"":""Nguyen"",""display"":""Mia Nguyen""},""email"":{""primary"":""mia.nguyen54@example.com"",""verified"":false},""phone"":null,""address"":{""line1"":""154 Market St"",""city"":""Portland"",""state"":""OR"",""zip"":""97201"",""country"":""US""}},""loyalty"":{""tier"":""silver"",""points"":1998},""prefs"":{""locale"":""en-US"",""marketingOptIn"":false,""notifications"":{""email"":true,""sms"":false,""push"":true}}}"
2025-01-16T08:55:00.055Z,ecom-worker-1,"{""userId"":""usr_055"",""createdAt"":""2025-01-16T08:55:00.055Z"",""status"":""active"",""profile"":{""name"":{""given"":""Ethan"",""family"":""Murphy"",""display"":""Ethan Murphy""},""email"":{""primary"":""ethan.murphy55@example.com"",""verified"":true},""phone"":null,""address"":{""line1"":""155 Lake St"",""city"":""Miami"",""state"":""FL"",""zip"":""33101"",""country"":""US""}},""loyalty"":{""tier"":""gold"",""points"":2035},""prefs"":{""locale"":""en-US"",""marketingOptIn"":true,""notifications"":{""email"":true,""sms"":true,""push"":false}},""account"":{""risk"":{""score"":15,""flags"":[],""review"":{""required"":false,""note"":null}},""auth"":{""subject"":""auth0|usr_055"",""mfa"":{""enabled"":false,""methods"":[]}}}}"
2025-01-17T08:56:00.056Z,ecom-cs-1,"{""userId"":""usr_056"",""createdAt"":""2025-01-17T08:56:00.056Z"",""status"":""active"",""profile"":{""name"":{""given"":""Chloe"",""family"":""Chen"",""display"":""Chloe Chen""},""email"":{""primary"":""chloe.chen56@example.com"",""verified"":true},""phone"":{""countryCode"":""1"",""number"":""2065551056""},""address"":{""line1"":""156 Pine St"",""city"":""Seattle"",""state"":""WA"",""zip"":""98101"",""country"":""US""}},""loyalty"":{""tier"":""none"",""points"":2072},""prefs"":{""locale"":""en-US"",""marketingOptIn"":true,""notifications"":{""email"":true,""sms"":false,""push"":true}}}"
2025-01-18T08:57:00.057Z,ecom-api-1,"{""userId"":""usr_057"",""createdAt"":""2025-01-18T08:57:00.057Z"",""status"":""active"",""profile"":{""name"":{""given"":""Jude"",""family"":""Nair"",""display"":""Jude Nair""},""email"":{""primary"":""jude.nair57@example.com"",""verified"":true},""phone"":null,""address"":{""line1"":""157 Oak St"",""city"":""Austin"",""state"":""TX"",""zip"":""78701"",""country"":""US""}},""loyalty"":{""tier"":""bronze"",""points"":2109},""prefs"":{""locale"":""en-US"",""marketingOptIn"":false,""notifications"":{""email"":true,""sms"":false,""push"":false}}}"
2025-01-19T08:58:00.058Z,ecom-api-2,"{""userId"":""usr_058"",""createdAt"":""2025-01-19T08:58:00.058Z"",""status"":""active"",""profile"":{""name"":{""given"":""Priya"",""family"":""Nguyen"",""display"":""Priya Nguyen""},""email"":{""primary"":""priya.nguyen58@example.com"",""verified"":true},""phone"":null,""address"":{""line1"":""158 Market St"",""city"":""Boston"",""state"":""MA"",""zip"":""02108"",""country"":""US""}},""loyalty"":{""tier"":""silver"",""points"":2146},""prefs"":{""locale"":""en-US"",""marketingOptIn"":true,""notifications"":{""email"":true,""sms"":false,""push"":true}}}"
2025-01-20T08:59:00.059Z,ecom-worker-1,"{""userId"":""usr_059"",""createdAt"":""2025-01-20T08:59:00.059Z"",""status"":""active"",""profile"":{""name"":{""given"":""Casey"",""family"":""Murphy"",""display"":""Casey Murphy""},""email"":{""primary"":""casey.murphy59@example.com"",""verified"":true},""phone"":null,""address"":{""line1"":""159 Lake St"",""city"":""Denver"",""state"":""CO"",""zip"":""80202"",""country"":""US""}},""loyalty"":{""tier"":""gold"",""points"":2183},""prefs"":{""locale"":""en-US"",""marketingOptIn"":true,""notifications"":{""email"":true,""sms"":false,""push"":false}}}"
2025-01-21T08:00:00.060Z,ecom-cs-1,"{""userId"":""usr_060"",""createdAt"":""2025-01-21T08:00:00.060Z"",""status"":""active"",""profile"":{""name"":{""given"":""Ava"",""family"":""Chen"",""display"":""Ava Chen""},""email"":{""primary"":""ava.chen60@example.com"",""verified"":true},""phone"":{""countryCode"":""1"",""number"":""2065551060""},""address"":{""line1"":""160 Pine St"",""city"":""Atlanta"",""state"":""GA"",""zip"":""30303"",""country"":""US""}},""loyalty"":{""tier"":""none"",""points"":2220},""prefs"":{""locale"":""en-US"",""marketingOptIn"":false,""notifications"":{""email"":true,""sms"":true,""push"":true}}}"
2025-01-22T08:01:00.061Z,ecom-api-1,"{""userId"":""usr_061"",""createdAt"":""2025-01-22T08:01:00.061Z"",""status"":""active"",""profile"":{""name"":{""given"":""Liam"",""family"":""Nair"",""display"":""Liam Nair""},""email"":{""primary"":""liam.nair61@example.com"",""verified"":true},""phone"":null,""address"":{""line1"":""161 Oak St"",""city"":""Chicago"",""state"":""IL"",""zip"":""60601"",""country"":""US""}},""loyalty"":{""tier"":""bronze"",""points"":2257},""prefs"":{""locale"":""en-US"",""marketingOptIn"":true,""notifications"":{""email"":true,""sms"":false,""push"":false}}}"
2025-01-23T08:02:00.062Z,ecom-api-2,"{""userId"":""usr_062"",""createdAt"":""2025-01-23T08:02:00.062Z"",""status"":""active"",""profile"":{""name"":{""given"":""Iris"",""family"":""Nguyen"",""display"":""Iris Nguyen""},""email"":{""primary"":""iris.nguyen62@example.com"",""verified"":true},""phone"":null,""address"":{""line1"":""162 Market St"",""city"":""Portland"",""state"":""OR"",""zip"":""97201"",""country"":""US""}},""loyalty"":{""tier"":""silver"",""points"":2294},""prefs"":{""locale"":""en-US"",""marketingOptIn"":true,""notifications"":{""email"":true,""sms"":false,""push"":true}}}"
2025-01-24T08:03:00.063Z,ecom-worker-1,"{""userId"":""usr_063"",""createdAt"":""2025-01-24T08:03:00.063Z"",""status"":""active"",""profile"":{""name"":{""given"":""Kai"",""family"":""Murphy"",""display"":""Kai Murphy""},""email"":{""primary"":""kai.murphy63@example.com"",""verified"":false},""phone"":null,""address"":{""line1"":""163 Lake St"",""city"":""Miami"",""state"":""FL"",""zip"":""33101"",""country"":""US""}},""loyalty"":{""tier"":""gold"",""points"":2331},""prefs"":{""locale"":""en-US"",""marketingOptIn"":false,""notifications"":{""email"":true,""sms"":false,""push"":false}}}"
2025-01-25T08:04:00.064Z,ecom-cs-1,"{""userId"":""usr_064"",""createdAt"":""2025-01-25T08:04:00.064Z"",""status"":""active"",""profile"":{""name"":{""given"":""Elena"",""family"":""Chen"",""display"":""Elena Chen""},""email"":{""primary"":""elena.chen64@example.com"",""verified"":true},""phone"":{""countryCode"":""1"",""number"":""2065551064""},""address"":{""line1"":""164 Pine St"",""city"":""Seattle"",""state"":""WA"",""zip"":""98101"",""country"":""US""}},""loyalty"":{""tier"":""none"",""points"":2368},""prefs"":{""locale"":""en-US"",""marketingOptIn"":true,""notifications"":{""email"":true,""sms"":false,""push"":true}}}"
2025-01-26T08:05:00.065Z,ecom-api-1,"{""userId"":""usr_065"",""createdAt"":""2025-01-26T08:05:00.065Z"",""status"":""active"",""profile"":{""name"":{""given"":""Sam"",""family"":""Nair"",""display"":""Sam Nair""},""email"":{""primary"":""sam.nair65@example.com"",""verified"":true},""phone"":null,""address"":{""line1"":""165 Oak St"",""city"":""Austin"",""state"":""TX"",""zip"":""78701"",""country"":""US""}},""loyalty"":{""tier"":""bronze"",""points"":2405},""prefs"":{""locale"":""en-US"",""marketingOptIn"":true,""notifications"":{""email"":true,""sms"":true,""push"":false}}}"
2025-01-27T08:06:00.066Z,ecom-api-2,"{""userId"":""usr_066"",""createdAt"":""2025-01-27T08:06:00.066Z"",""status"":""active"",""profile"":{""name"":{""given"":""Riley"",""family"":""Nguyen"",""display"":""Riley Nguyen""},""email"":{""primary"":""riley.nguyen66@example.com"",""verified"":true},""phone"":null,""address"":{""line1"":""166 Market St"",""city"":""Boston"",""state"":""MA"",""zip"":""02108"",""country"":""US""}},""loyalty"":{""tier"":""silver"",""points"":2442},""prefs"":{""locale"":""en-US"",""marketingOptIn"":false,""notifications"":{""email"":true,""sms"":false,""push"":true}},""account"":{""risk"":{""score"":58,""flags"":[""velocity""],""review"":{""required"":true,""note"":""manual_check""}},""auth"":{""subject"":""auth0|usr_066"",""mfa"":{""enabled"":true,""methods"":[""totp""]}}}}"
2025-01-28T08:07:00.067Z,ecom-worker-1,"{""userId"":""usr_067"",""createdAt"":""2025-01-28T08:07:00.067Z"",""status"":""active"",""profile"":{""name"":{""given"":""Noah"",""family"":""Murphy"",""display"":""Noah Murphy""},""email"":{""primary"":""noah.murphy67@example.com"",""verified"":true},""phone"":null,""address"":{""line1"":""167 Lake St"",""city"":""Denver"",""state"":""CO"",""zip"":""80202"",""country"":""US""}},""loyalty"":{""tier"":""gold"",""points"":2479},""prefs"":{""locale"":""en-US"",""marketingOptIn"":true,""notifications"":{""email"":true,""sms"":false,""push"":false}}}"
2025-01-29T08:08:00.068Z,ecom-cs-1,"{""userId"":""usr_068"",""createdAt"":""2025-01-29T08:08:00.068Z"",""status"":""suspended"",""profile"":{""name"":{""given"":""Zoe"",""family"":""Chen"",""display"":""Zoe Chen""},""email"":{""primary"":""zoe.chen68@example.com"",""verified"":true},""phone"":{""countryCode"":""1"",""number"":""2065551068""},""address"":{""line1"":""168 Pine St"",""city"":""Atlanta"",""state"":""GA"",""zip"":""30303"",""country"":""US""}},""loyalty"":{""tier"":""none"",""points"":2516},""prefs"":{""locale"":""en-US"",""marketingOptIn"":true,""notifications"":{""email"":true,""sms"":false,""push"":true}}}"
2025-01-30T08:09:00.069Z,ecom-api-1,"{""userId"":""usr_069"",""createdAt"":""2025-01-30T08:09:00.069Z"",""status"":""active"",""profile"":{""name"":{""given"":""Owen"",""family"":""Nair"",""display"":""Owen Nair""},""email"":{""primary"":""owen.nair69@example.com"",""verified"":true},""phone"":null,""address"":{""line1"":""169 Oak St"",""city"":""Chicago"",""state"":""IL"",""zip"":""60601"",""country"":""US""}},""loyalty"":{""tier"":""bronze"",""points"":2553},""prefs"":{""locale"":""en-US"",""marketingOptIn"":false,""notifications"":{""email"":true,""sms"":false,""push"":false}}}"
2025-01-31T08:10:00.070Z,ecom-api-2,"{""userId"":""usr_070"",""createdAt"":""2025-01-31T08:10:00.070Z"",""status"":""active"",""profile"":{""name"":{""given"":""Nina"",""family"":""Nguyen"",""display"":""Nina Nguyen""},""email"":{""primary"":""nina.nguyen70@example.com"",""verified"":true},""phone"":null,""address"":{""line1"":""170 Market St"",""city"":""Portland"",""state"":""OR"",""zip"":""97201"",""country"":""US""}},""loyalty"":{""tier"":""silver"",""points"":2590},""prefs"":{""locale"":""en-US"",""marketingOptIn"":true,""notifications"":{""email"":true,""sms"":true,""push"":true}}}"
